{"accuracy": [0.20325040817260742, 0.3659711182117462, 0.4680979251861572, 0.5740368962287903, 0.6721509099006653, 0.7475922703742981, 0.7841091752052307, 0.8352728486061096, 0.853130042552948, 0.8856340050697327], "loss": [2.044142484664917, 1.6117913722991943, 1.3367643356323242, 1.1243629455566406, 0.9094416499137878, 0.7068628668785095, 0.616988480091095, 0.47176387906074524, 0.4118039011955261, 0.3380511403083801], "val_accuracy": [0.33306580781936646, 0.47191011905670166, 0.5056179761886597, 0.6781701445579529, 0.7014446258544922, 0.79534512758255, 0.8146067261695862, 0.8683788180351257, 0.8723916411399841, 0.8723916411399841], "val_loss": [1.7583503723144531, 1.353498935699463, 1.3220027685165405, 0.9320497512817383, 0.7520341277122498, 0.6250993609428406, 0.5111534595489502, 0.3866095244884491, 0.36655765771865845, 0.3747572600841522]}